{
  "Horizontal Spacing": 1,
  "Tags": [],
  "Ansi 12 Color": {
    "Red Component": 0.18039216101169586,
    "Color Space": "sRGB",
    "Alpha Component": 1,
    "Blue Component": 0.92156863212585449,
    "Green Component": 0.98039215803146362
  },
  "Ansi 7 Color": {
    "Red Component": 0.90196079015731812,
    "Color Space": "sRGB",
    "Alpha Component": 1,
    "Blue Component": 0.94901961088180542,
    "Green Component": 0.99607843160629272
  },
  "Draw Powerline Glyphs": true,
  "Bold Color": {
    "Red Component": 0.67526376247406006,
    "Color Space": "sRGB",
    "Alpha Component": 1,
    "Blue Component": 0.50202029943466187,
    "Green Component": 0.98376089334487915
  },
  "Ansi 8 Color": {
    "Red Component": 0.011057402938604355,
    "Color Space": "sRGB",
    "Alpha Component": 1,
    "Blue Component": 0.011057402938604355,
    "Green Component": 0.36078432202339172
  },
  "Ansi 9 Color": {
    "Red Component": 0.70588237047195435,
    "Color Space": "sRGB",
    "Alpha Component": 1,
    "Blue Component": 0.36078432202339172,
    "Green Component": 0.98039215803146362
  },
  "Ansi 4 Color": {
    "Red Component": 0.18039216101169586,
    "Color Space": "sRGB",
    "Alpha Component": 1,
    "Blue Component": 0.72549021244049072,
    "Green Component": 0.76470589637756348
  },
  "Rows": 25,
  "Default Bookmark": "No",
  "Ansi 5 Color": {
    "Red Component": 0.31372550129890442,
    "Color Space": "sRGB",
    "Alpha Component": 1,
    "Blue Component": 0.58823531866073608,
    "Green Component": 0.62745100259780884
  },
  "Cursor Guide Color": {
    "Red Component": 0.70213186740875244,
    "Color Space": "sRGB",
    "Alpha Component": 0.25,
    "Blue Component": 1,
    "Green Component": 0.9268307089805603
  },
  "Non-ASCII Anti Aliased": true,
  "Use Bright Bold": true,
  "Ansi 10 Color": {
    "Red Component": 0.68235296010971069,
    "Color Space": "sRGB",
    "Alpha Component": 1,
    "Blue Component": 0.52549022436141968,
    "Green Component": 0.98376089334487915
  },
  "Icon": 1,
  "Ambiguous Double Width": false,
  "Jobs to Ignore": [
    "rlogin",
    "ssh",
    "slogin",
    "telnet"
  ],
  "Ansi 15 Color": {
    "Red Component": 0.87843137979507446,
    "Color Space": "sRGB",
    "Alpha Component": 1,
    "Blue Component": 0.86274510622024536,
    "Green Component": 0.94509810209274292
  },
  "Foreground Color": {
    "Red Component": 0.44475045769568611,
    "Color Space": "sRGB",
    "Blue Component": 0.00048830907326186774,
    "Alpha Component": 1,
    "Green Component": 0.93096208572387695
  },
  "Working Directory": "\/Users\/alvertabbaros",
  "Blinking Cursor": true,
  "Disable Window Resizing": true,
  "Sync Title": false,
  "Prompt Before Closing 2": false,
  "BM Growl": true,
  "Mouse Reporting": true,
  "Command": "\/bin\/bash",
  "Description": "Default",
  "Screen": -1,
  "Selection Color": {
    "Red Component": 0.066666670143604279,
    "Color Space": "sRGB",
    "Alpha Component": 1,
    "Blue Component": 0.25490197539329529,
    "Green Component": 0.41960784792900085
  },
  "Only The Default BG Color Uses Transparency": false,
  "Columns": 80,
  "Idle Code": 0,
  "Ansi 13 Color": {
    "Red Component": 0.31372550129890442,
    "Color Space": "sRGB",
    "Alpha Component": 1,
    "Blue Component": 0.98039215803146362,
    "Green Component": 0.98039215803146362
  },
  "Custom Command": "Custom Shell",
  "ASCII Anti Aliased": true,
  "Non Ascii Font": "Monaco 12",
  "Vertical Spacing": 1,
  "Use Bold Font": true,
  "Option Key Sends": 0,
  "Selected Text Color": {
    "Red Component": 0.87843137979507446,
    "Color Space": "sRGB",
    "Alpha Component": 1,
    "Blue Component": 0.86274510622024536,
    "Green Component": 0.94509810209274292
  },
  "Background Color": {
    "Red Component": 0,
    "Color Space": "sRGB",
    "Blue Component": 0,
    "Alpha Component": 1,
    "Green Component": 0
  },
  "Character Encoding": 4,
  "Ansi 11 Color": {
    "Red Component": 0.85490196943283081,
    "Color Space": "sRGB",
    "Alpha Component": 1,
    "Blue Component": 0.52941179275512695,
    "Green Component": 0.98039215803146362
  },
  "Use Italic Font": true,
  "Unlimited Scrollback": false,
  "Keyboard Map": {
    "0xf700-0x260000": {
      "Text": "[1;6A",
      "Action": 10
    },
    "0x37-0x40000": {
      "Text": "0x1f",
      "Action": 11
    },
    "0x32-0x40000": {
      "Text": "0x00",
      "Action": 11
    },
    "0xf709-0x20000": {
      "Text": "[17;2~",
      "Action": 10
    },
    "0xf70c-0x20000": {
      "Text": "[20;2~",
      "Action": 10
    },
    "0xf729-0x20000": {
      "Text": "[1;2H",
      "Action": 10
    },
    "0xf72b-0x40000": {
      "Text": "[1;5F",
      "Action": 10
    },
    "0xf705-0x20000": {
      "Text": "[1;2Q",
      "Action": 10
    },
    "0xf703-0x260000": {
      "Text": "[1;6C",
      "Action": 10
    },
    "0xf700-0x220000": {
      "Text": "[1;2A",
      "Action": 10
    },
    "0xf701-0x280000": {
      "Text": "0x1b 0x1b 0x5b 0x42",
      "Action": 11
    },
    "0x38-0x40000": {
      "Text": "0x7f",
      "Action": 11
    },
    "0x33-0x40000": {
      "Text": "0x1b",
      "Action": 11
    },
    "0xf703-0x220000": {
      "Text": "[1;2C",
      "Action": 10
    },
    "0xf701-0x240000": {
      "Text": "[1;5B",
      "Action": 10
    },
    "0xf703-0x280000-0x0": {
      "Version": 0,
      "Action": 10,
      "Text": "f",
      "Label": ""
    },
    "0xf70d-0x20000": {
      "Text": "[21;2~",
      "Action": 10
    },
    "0xf702-0x260000": {
      "Text": "[1;6D",
      "Action": 10
    },
    "0xf729-0x40000": {
      "Text": "[1;5H",
      "Action": 10
    },
    "0xf706-0x20000": {
      "Text": "[1;2R",
      "Action": 10
    },
    "0x34-0x40000": {
      "Text": "0x1c",
      "Action": 11
    },
    "0xf700-0x280000": {
      "Text": "0x1b 0x1b 0x5b 0x41",
      "Action": 11
    },
    "0x2d-0x40000": {
      "Text": "0x1f",
      "Action": 11
    },
    "0xf70e-0x20000": {
      "Text": "[23;2~",
      "Action": 10
    },
    "0xf702-0x220000": {
      "Text": "[1;2D",
      "Action": 10
    },
    "0xf700-0x240000": {
      "Text": "[1;5A",
      "Action": 10
    },
    "0xf707-0x20000": {
      "Text": "[1;2S",
      "Action": 10
    },
    "0xf70a-0x20000": {
      "Text": "[18;2~",
      "Action": 10
    },
    "0x35-0x40000": {
      "Text": "0x1d",
      "Action": 11
    },
    "0xf70f-0x20000": {
      "Text": "[24;2~",
      "Action": 10
    },
    "0xf703-0x240000": {
      "Text": "[1;5C",
      "Action": 10
    },
    "0xf701-0x260000": {
      "Text": "[1;6B",
      "Action": 10
    },
    "0xf72b-0x20000": {
      "Text": "[1;2F",
      "Action": 10
    },
    "0x36-0x40000": {
      "Text": "0x1e",
      "Action": 11
    },
    "0xf708-0x20000": {
      "Text": "[15;2~",
      "Action": 10
    },
    "0xf701-0x220000": {
      "Text": "[1;2B",
      "Action": 10
    },
    "0xf70b-0x20000": {
      "Text": "[19;2~",
      "Action": 10
    },
    "0xf702-0x280000-0x0": {
      "Version": 0,
      "Action": 10,
      "Text": "b",
      "Label": ""
    },
    "0xf702-0x240000": {
      "Text": "[1;5D",
      "Action": 10
    },
    "0xf704-0x20000": {
      "Text": "[1;2P",
      "Action": 10
    }
  },
  "Window Type": 0,
  "Blink Allowed": false,
  "Initial Text": "source ~\/.bash_profile",
  "Background Image Location": "",
  "Blur": false,
  "Badge Color": {
    "Red Component": 1,
    "Color Space": "sRGB",
    "Alpha Component": 0.5,
    "Blue Component": 0,
    "Green Component": 0.1491314172744751
  },
  "Scrollback Lines": 1000,
  "Send Code When Idle": false,
  "Close Sessions On End": true,
  "Terminal Type": "xterm-256color",
  "Visual Bell": true,
  "Flashing Bell": false,
  "Silence Bell": false,
  "Ansi 14 Color": {
    "Red Component": 0.23529411852359772,
    "Color Space": "sRGB",
    "Alpha Component": 1,
    "Blue Component": 0.78431373834609985,
    "Green Component": 0.98039215803146362
  },